Date,Islamic Date,Blast Day Type,Holiday Type,City,Province,Target Type,Killed Max,Injured Max,No. of Suicide Blasts,Explosive Weight (max),VicTams
Sunday-November 19-1995,25 Jumaada al-THaany 1416 A.H,Holiday,Weekend,Islamabad,Capital,Foreigner,15,60,2,3.5,75
Monday-November 6-2000,10 SHa`baan 1421 A.H,Working Day,nan,Karachi,Sindh,Media,3,3,1,1,6
Wednesday-May 8-2002,25 safar 1423 A.H,Working Day,nan,Karachi ,Sindh,Foreigner,15,40,1,4.5,55
Friday-June 14-2002,3 Raby` al-THaany 1423 A.H,Working Day,nan,Karachi,Sindh,Foreigner,12,51,1,5.5,63
Friday-July 4-2003,4 Jumaada al-awal 1424 A.H,Working Day,nan,Quetta,Baluchistan,Religious,47,65,1,8,112
Thursday-December 25-2003,2 Thw al-Qi`dah 1424 A.H.,Holiday,Christmas/birthday of Quaid-e-Azam,Rawalpindi,Punjab,Military,18,50,2,3,68
Saturday-February 28-2004,8 MuHarram 1425 A.H,Working Day,nan,Rawalpindi,Punjab,Religious,1,4,1,1,5
Friday-May 7-2004,18 Raby` al-awal 1425 A.H,Working Day,nan,Karachi ,Sindh,Religious,15,200,1,15,215
Monday-May 31-2004,nan,Working Day,nan,Karachi ,Sindh,Religious,18,35,1,4.5,53
Thursday-June 3-2004,15 Raby` al-THaany 1425 A.H,Working Day,nan,North waziristan,FATA,Military,2,2,1,1,4
Wednesday-July 28-2004,11 Jumaada al-THaany 1425 A.H,Working Day,nan,Kohat,KPK,Military,3,3,2,0.5,6
Friday-July 30-2004,13 Jumaada al-THaany 1425 A.H,Working Day,nan,Attock ,Punjab,Government Official,7,70,1,6.5,77
Friday-October 1-2004,17 SHa`baan 1425 A.H,Working Day,nan,Sialkot,Punjab,Religious,31,75,1,7.5,106
Sunday-October 10-2004,26 SHa`baan 1425 A.H.,Holiday,Weekend,Lahore ,Punjab,Religious,5,10,1,1.5,15
Saturday-March 19-2005,9 safar 1426 A.H,Working Day,nan,Quetta,Baluchistan,Religious,50,100,1,12.5,150
Thursday-April 28-2005,19 Raby` al-awal 1426 A.H,Working Day,nan,Swat,KPK,civilian,2,0,1,0.5,2
Friday-May 27-2005,19 Raby` al-THaany 1426 A.H,Working Day,nan,Islamabad,Capital,Civilian,25,100,1,10,125
Monday-May 30-2005,22 Raby` al-THaany 1426 A.H,Working Day,nan,Karachi ,Sindh,Religious,6,30,1,3.5,36
Thursday-February 9-2006,10 MuHarram 1427 A.H,Holiday,Ashura,Hangu,KPK,Religious,40,0,1,4,40
Thursday-March 2-2006,2 safar 1427 A.H.,Working Day,nan,Karachi,Sindh,Foreigner,5,54,1,5,59
Wednesday-April 12-2006,14 Raby` al-awal 1427 A.H,Holiday,Eid Milad un-Nabi,Karachi ,Sindh,Religious,57,100,1,13,157
Friday-June 2-2006,6 Jumaada al-awal 1427 A.H,Working Day,nan,Bannu,KPK,Military,7,8,1,2,15
Monday-June 26-2006,30 Jumaada al-awal 1427 A.H,Working Day,nan,North Waziristan,FATA,Military,7,26,1,2.5,33
Sunday-August 6-2006,12 Rajab 1427 A.H,Holiday,Weekend,Lasbela,Baluchistan,Civilian,1,0,1,0.5,1
Wednesday-November 8-2006,17 SHawwal 1427 A.H,Working Day,nan,Malakand ,KPK,Military,42,39,1,6.5,81
Friday-November 17-2006,26 SHawwal 1427 A.H.,Working Day,nan,Peshawar,KPK,Police,1,2,1,0.5,3
Sunday-December 3-2006,12 Thw al-Qi`dah 1427 A.H.,Holiday,Weekend,Bannu,KPK,Police,1,1,1,0.5,2
Monday-January 22-2007,3 MuHarram 1428 A.H,Working Day,nan,North Waziristan,FATA,Military,5,25,1,2.5,30
Friday-January 26-2007,7 MuHarram 1428 A.H,Working Day,nan,Islamabad,Capital,Foreigner,2,7,1,1.5,9
Saturday-January 27-2007,8 MuHarram 1428 A.H,Working Day,nan,Peshawar ,KPK,Civilian,15,60,1,6.5,75
Monday-January 29-2007,10 MuHarram 1428 A.H,Holiday,Ashura,D.I Khan ,KPK,Civilian,3,7,1,1,10
Saturday-February 3-2007,15 MuHarram 1428 A.H.,Working Day,nan,Lakki Marwat,KPK,Civilian,1,0,1,0.5,1
Saturday-February 3-2007,15 MuHarram 1428 A.H.,Working Day,nan,Tank,KPK,Military,2,8,1,1,10
Tuesday-February 6-2007,18 MuHarram 1428 A.H.,Working Day,nan,Islamabad ,Capital,Civilian,1,10,1,1,11
Saturday-February 17-2007,29 MuHarram 1428 A.H,Working Day,nan,Quetta ,Baluchistan,Civilian,17,35,1,4,52
Thursday-March 29-2007,10 Raby` al-awal 1428 A.H,Working Day,nan,Gujrat,Punjab,Military,2,8,1,1,10
Saturday-April 28-2007,11 Raby` al-THaany 1428 A.H.,Working Day,nan,Charsadda,KPK,Government Official,35,60,1,8,95
Tuesday-May 15-2007,28 Raby` al-THaany 1428 A.H,Working Day,nan,Peshawar ,KPK,Foreigner,26,35,1,5.5,61
Monday-May 28-2007,11 Jumaada al-awal 1428 A.H,Working Day,nan,Tank ,KPK,Military,3,2,1,1,5
Wednesday-July 4-2007,19 Jumaada al-THaany 1428 A.H,Working Day,nan,North Waziristan,FATA,Military,10,12,1,2,22
Thursday-July 12-2007,27 Jumaada al-THaany 1428 A.H,Working Day,nan,Swat ,KPK,Military,7,8,1,1.5,15
Thursday-July 12-2007,27 Jumaada al-THaany 1428 A.H,Working Day,nan,North Waziristan,FATA,Government official,4,3,1,1,7
Saturday-July 14-2007,29 Jumaada al-THaany 1428 A.H,Working Day,nan,North Waziristan,FATA,Military,24,29,1,4.5,53
Sunday-July 15-2007,1 Rajab 1428 A.H,Holiday,Weekend,D.I Khan,KPK,Police,30,61,1,7.5,91
Sunday-July 15-2007,1 Rajab 1428 A.H,Holiday,Weekend,Swat ,KPK,Police,20,47,1,5.5,67
Tuesday-July 17-2007,3 Rajab 1428 A.H,Working Day,nan,Islamabad ,Capital,Government official,17,70,1,8,87
Tuesday-July 17-2007,3 Rajab 1428 A.H,Working Day,nan,North Waziristan,FATA,Military,4,3,1,1,7
Thursday-July 19-2007,5 Rajab 1428 A.H,Working Day,nan,Lasbela,Baluchistan,Foreigner,30,50,1,7,80
Thursday-July 19-2007,5 Rajab 1428 A.H,Working Day,nan,Hangu,KPK,Police,8,35,1,3.5,43
Thursday-July 19-2007,5 Rajab 1428 A.H,Working Day,nan,Kohat ,KPK,Religious,20,58,1,6.5,78
Friday-July 20-2007,6 Rajab 1428 A.H,Working Day,nan,North Waziristan,FATA,Military,4,6,1,1,10
Friday-July 27-2007,13 Rajab 1428 A.H,Working Day,nan,Islamabad ,Capital,Police,15,70,1,7.5,85
Friday-August 3-2007,20 Rajab 1428 A.H.,Working Day,nan,Swat ,KPK,civilian,2,6,1,1.5,8
Saturday-August 4-2007,21 Rajab 1428 A.H,Working Day,nan,Kuram Agency ,FATA,civilian,23,43,1,5.5,66
Friday-August 17-2007,4 SHa`baan 1428 A.H,Working Day,nan,Tank,KPK,Military,0,5,1,0.5,5
Sunday-August 19-2007,6 SHa`baan 1428 A.H,Holiday,Weekend,North Waziristan,FATA,Military,2,2,1,0.5,4
Sunday-August 19-2007,6 SHa`baan 1428 A.H,Holiday,Weekend,Bannu,KPK,Police,1,4,1,1,5
Monday-August 20-2007,7 SHa`baan 1428 A.H,Working Day,nan,Hangu,KPK,Military,7,18,1,2,25
Friday-August 24-2007,11 SHa`baan 1428 A.H,Working Day,nan,North Waziristan,FATA,Military,7,37,2,2,44
Sunday-August 26-2007,13 SHa`baan 1428 A.H,Holiday,Weekend,Shangla ,KPK,police,4,2,1,1,6
Saturday-September 1-2007,19 SHa`baan 1428 A.H,Working Day,nan,Bajaur Agency,FATA,Military,7,9,1,1.5,16
Saturday-September 1-2007,19 SHa`baan 1428 A.H,Working Day,nan,South Waziristan,FATA,Military,0,0,1,0.5,0
Tuesday-September 4-2007,22 SHa`baan 1428 A.H,Working Day,nan,Rawalpindi,Punjab,Military,25,0,2,1.5,25
Tuesday-September 4-2007,22 SHa`baan 1428 A.H,Working Day,nan,Rawalpindi,Punjab,Military,7,12,1,1.5,19
Tuesday-September 11-2007,29 SHa`baan 1428 A.H,Working Day,nan,D.I Khan,KPK,Civilian,19,19,1,3,38
Thursday-September 13-2007,1 RamaDHaan 1428 A.H,Working Day,nan,Haripur,KPK,Military,20,46,1,5.5,66
Saturday-September 22-2007,10 RamaDHaan 1428 A.H,Working Day,nan,Tank,KPK,Military,5,10,1,2,15
Monday-October 1-2007,19 RamaDHaan 1428 A.H,Working Day,nan,bannu,KPK,police,16,32,1,4,48
Thursday-October 18-2007,6 SHawwal 1428 A.H,Working Day,nan,karachi ,Sindh,Government Official,145,550,2,30,695
Thursday-October 25-2007,13 SHawwal 1428 A.H,Working Day,nan,Swat,KPK,Military,38,35,1,6,73
Tuesday-October 30-2007,18 SHawwal 1428 A.H,Working Day,nan,Rawalpindi,Punjab,Military,8,31,1,3.5,39
Thursday-November 1-2007,20 SHawwal 1428 A.H,Working Day,nan,Sargodha,Punjab,Military,10,40,1,4.5,50
Friday-November 9-2007,28 SHawwal 1428 A.H,Holiday,Iqbal Day,Peshawar,KPK,Government Official,4,5,1,2,9
Saturday-November 24-2007,14 Thw al-Qi`dah 1428 A.H,Working Day,nan,Rawalpindi,Punjab,Military,38,35,1,6,73
Saturday-November 24-2007,14 Thw al-Qi`dah 1428 A.H,Working Day,nan,Rawalpindi,Punjab,Military,1,5,1,0.5,6
Tuesday-December 4-2007,24 Thw al-Qi`dah 1428 A.H,Working Day,nan,Peshawar,KPK,Military,1,0,1,0.5,1
Sunday-December 9-2007,29 Thw al-Qi`dah 1428 A.H,Holiday,Weekend,Swat,KPK,Police,13,2,1,1.5,15
Monday-December 10-2007,30 Thw al-Qi`dah 1428 A.H,Working Day,nan,Attock ,Punjab,Children/Women,0,22,1,2,22
Thursday-December 13-2007,3 Thw al-Hijjah 1428 A.H,Working Day,nan,Quetta ,Baluchistan,Military,12,23,2,2,35
Saturday-December 15-2007,5 Thw al-Hijjah 1428 A.H,Working Day,nan,Nowshehra,KPK,Military,6,20,1,2.5,26
Monday-December 17-2007,7 Thw al-Hijjah 1428 A.H,Working Day,nan,Kohat,KPK,Military,12,5,1,2,17
Friday-December 21-2007,13 Thw al-Hijjah 1428 A.H,Holiday,Eid-ul-azha,Charsadda ,KPK,Civilian,60,200,1,22,260
Sunday-December 23-2007,13 Thw al-Hijjah 1428 A.H,Holiday,Weekend,Swat,KPK,Military,14,23,1,3,37
Thursday-December 27-2007,17 Thw al-Hijjah 1428 A.H,Working Day,nan,Rawalpindi,Punjab,Government official,30,70,1,9,100
Monday-January 7-2008,28 Thw al-Hijjah 1428 A.H,Working Day,nan,Swat,KPK,Military,0,13,1,1,13
Thursday-January 10-2008,1 MuHarram 1429 A.H,Working Day,nan,Lahore ,Punjab,Police,26,80,1,10,106
Tuesday-January 15-2008,6 MuHarram 1429 A.H,Working Day,nan,Mohmand agency,FATA,Military,1,0,1,0.5,1
Thursday-January 17-2008,8 MuHarram 1429 A.H,Working Day,nan,Peshawar,KPK,Religious,12,25,1,3,37
Friday-February 1-2008,23 MuHarram 1429 A.H,Working Day,nan,North Waziristan,FATA,Police,7,15,1,2.5,22
Monday-February 4-2008,26 MuHarram 1429 A.H.,Working Day,nan,Rawalpindi,Punjab,Military,10,47,1,5.5,57
Tuesday-February 5-2008,27 MuHarram 1429 A.H,Working Day,nan,Quetta ,Baluchistan,Civilian,1,1,1,0.5,2
Saturday-February 9-2008,2 safar 1429 A.H.,Working Day,nan,Charsadda ,KPK,Government Official,27,51,1,6.5,78
Monday-February 11-2008,4 safar 1429 A.H,Working Day,nan,North Waziristan,FATA,Government official,10,13,1,1.5,23
Saturday-February 16-2008,9 safar 1429 A.H.,Working Day,nan,Swat,KPK,Military,3,18,1,2,21
Saturday-February 16-2008,9 safar 1429 A.H.,Working Day,nan,Kuram Agency ,FATA,Government official,47,110,1,13,157
Monday-February 25-2008,18 safar 1429 A.H,Working Day,nan,Rawalpindi,Punjab,Military,8,30,1,3.5,38
Friday-February 29-2008,22 safar 1429 A.H.,Working Day,nan,Swat,KPK,Police,45,100,1,11,145
Saturday-March 1-2008,23 safar 1429 A.H.,Working Day,nan,Bajaur Agency,FATA,Military,2,23,1,2.5,25
Sunday-March 2-2008,24 safar 1429 A.H.,Holiday,Weekend,Dara Adam Khel,KPK,Anti-Militants,43,60,1,8.5,103
Tuesday-March 4-2008,26 safar 1429 A.H,Working Day,nan,Lahore ,Punjab,Military,8,24,2,1.5,32
Tuesday-March 11-2008,3 Raby` al-awal 1429 A.H,Working Day,nan,Lahore ,Punjab,Government Official,31,200,1,20,231
Tuesday-March 11-2008,3 Raby` al-awal 1429 A.H,Working Day,nan,Lahore ,Punjab,Civilian,6,12,1,2.5,18
Monday-March 17-2008,9 Raby` al-awal 1429 A.H.,Working Day,nan,Swat,KPK,Police,3,7,1,1.5,10
Thursday-March 20-2008,12 Raby` al-awal 1429 A.H.,Holiday,Eid Milad un-Nabi,South Waziristan,FATA,Military,5,11,1,2,16
Thursday-May 1-2008,25 Raby` al-THaany 1429 A.H,Holiday,Labour Day,Khyber Agency,FATA,Religious,2,30,1,3,32
Tuesday-May 6-2008,1 Jumaada al-awal 1429 A.H,Working Day,nan,Bannu,KPK,Police,7,15,1,2,22
Friday-May 9-2008,4 Jumaada al-awal 1429 A.H,Working Day,nan,Swat,KPK,Police,1,4,1,0.5,5
Sunday-May 18-2008,13 Jumaada al-awal 1429 A.H.,Holiday,Weekend,Mardan,KPK,Military,13,25,1,3.5,38
Monday-June 2-2008,28 Jumaada al-awal 1429 A.H.,Working Day,nan,Islamabad,Capital,Foreigner,8,30,1,3.5,38
Sunday-July 6-2008,3 Rajab 1429 A.H.,Holiday,Weekend,Islamabad,Capital,Police,20,47,1,6,67
Sunday-July 13-2008,10 Rajab 1429 A.H,Holiday,Weekend,D.I Khan,KPK,Religious,1,4,1,1,5
Wednesday-August 13-2008,12 SHa`baan 1429 A.H,Working Day,nan,Lahore ,Punjab,Police,9,35,1,3.5,44
Tuesday-August 19-2008,18 SHa`baan 1429 A.H.,Working Day,nan,D.I Khan,KPK,Civilian,32,55,1,7.5,87
Thursday-August 21-2008,20 SHa`baan 1429 A.H,Working Day,nan,Rawalpindi,Punjab,Government Official,100,200,2,15,300
Saturday-August 23-2008,22 SHa`baan 1429 A.H,Working Day,nan,Swat,KPK,Police,15,20,1,3,35
Friday-August 29-2008,28 SHa`baan 1429 A.H,Working Day,nan,Kohat,KPK,Military,5,39,1,4,44
Saturday-September 6-2008,6 RamaDHaan 1429 A.H,Working Day,nan,Peshawar,KPK,Police,35,90,1,10,125
Tuesday-September 16-2008,16 RamaDHaan 1429 A.H,Working Day,nan,Swat,KPK,Police,10,25,1,3.5,35
Saturday-September 20-2008,20 RamaDHaan 1429 A.H,Working Day,nan,North waziristan,KPK,Military,17,20,1,3,37
Saturday-September 20-2008,20 RamaDHaan 1429 A.H,Working Day,nan,Islamabad,Capital,Foreigner,60,300,1,35,360
Monday-September 22-2008,22 RamaDHaan 1429 A.H,Working Day,nan,Swat,KPK,Military,13,3,1,1.5,16
Wednesday-September 24-2008,24 RamaDHaan 1429 A.H,Working Day,nan,Quetta,Baluchistan,Military,14,25,1,3,39
Friday-October 3-2008,3 SHawwal 1429 A.H,Holiday,Eid-ul-Fitar,Peshawar,KPK,Government Official,5,18,1,2,23
Monday-October 6-2008,6 SHawwal 1429 A.H,Working Day,nan,Bhakkar ,Punjab,Government Official,26,100,1,11,126
Thursday-October 9-2008,9 SHawwal 1429 A.H,Working Day,nan,Islamabad,Capital,Police,8,12,1,2,20
Thursday-October 9-2008,9 SHawwal 1429 A.H,Working Day,nan,Khyber Agency,FATA,Foreigner,78,134,1,17,212
Friday-October 10-2008,10 SHawwal 1429 A.H,Working Day,nan,Orakzai Agency,FATA,Anti-Militants,85,200,1,25,285
Thursday-October 16-2008,16 SHawwal 1429 A.H,Working Day,nan,Swat,KPK,Police,4,27,1,3,31
Sunday-October 26-2008,26 SHawwal 1429 A.H,Holiday,Weekend,Mohmand Agency,FATA,Military,10,5,1,1.5,15
Wednesday-October 29-2008,29 SHawwal 1429 A.H.,Working Day,nan,Bannu,KPK,Military,9,14,1,2,23
Friday-October 31-2008,2 Thw al-Qi`dah 1429 A.H,Working Day,nan,Mardan,KPK,Police,10,25,1,3.5,35
Sunday-November 2-2008,5 Thw al-Qi`dah 1429 A.H,Holiday,Weekend,South Waziristan,FATA,Military,8,8,1,1.5,16
Tuesday-November 4-2008,6 Thw al-Qi`dah 1429 A.H,Working Day,nan,Hangu,KPK,Police,7,4,1,1,11
Thursday-November 6-2008,8 Thw al-Qi`dah 1429 A.H,Working Day,nan,Swat,KPK,Police,2,10,1,1,12
Thursday-November 6-2008,8 Thw al-Qi`dah 1429 A.H,Working Day,nan,Bajaur Agency,FATA,Anti-Militants,23,45,1,5.5,68
Tuesday-November 11-2008,13 Thw al-Qi`dah 1429 A.H,Working Day,nan,Peshawar,KPK,Government Official,4,20,1,2.5,24
Wednesday-November 12-2008,14 Thw al-Qi`dah 1429 A.H,Working Day,nan,Charsadda,KPK,Military,7,12,1,1.5,19
Monday-November 17-2008,19 Thw al-Qi`dah 1429 A.H.,Working Day,nan,Swat,KPK,Military,10,8,1,2,18
Thursday-November 20-2008,22 Thw al-Qi`dah 1429 A.H.,Working Day,nan,Bajaur Agency,FATA,Religious,9,0,1,1,9
Friday-November 28-2008,30 Thw al-Qi`dah 1429 A.H.,Working Day,nan,Buner,KPK,Police,9,16,1,2,25
Monday-December 1-2008,3 Thw al-Hijjah 1429 A.H,Working Day,nan,Swat,KPK,Military,10,50,1,5,60
Wednesday-December 3-2008,5 Thw al-Hijjah 1429 A.H,Working Day,nan,Charsadda,KPK,Military,6,10,1,2,16
Friday-December 5-2008,8 Thw al-Hijjah 1429 A.H,Working Day,nan,Orakzai Agency,KPK,Civilian,10,15,1,2.5,25
Tuesday-December 9-2008,11 Thw al-Hijjah 1429 A.H,Working Day,nan,Buner,KPK,Government Official,1,4,1,1,5
Sunday-December 28-2008,nan,Holiday,Weekend,Buner,KPK,Government official,37,16,2,2.5,53
Sunday-January 4-2009,7 MuHarram 1430 A.H,Holiday,Weekend,D.I Khan,KPK,Police,10,25,1,3,35
Sunday-January 4-2009,7 MuHarram 1430 A.H,Holiday,Weekend,Bannu,KPK,Police,1,2,1,1,3
Friday-January 23-2009,26 MuHarram 1430 A.H. ,Working Day,nan,Swat,KPK,Military,2,25,1,2.5,27
Thursday-February 5-2009,10 safar 1430 A.H.,Working Day,nan,D.G Khan ,Punjab,Religious,32,55,1,7.5,87
Thursday-February 5-2009,10 safar 1430 A.H.,Working Day,nan,Swat,KPK,Police,12,0,1,1.5,12
Friday-February 6-2009,11 safar 1430 A.H,Working Day,nan,Khyber Agency,FATA,Foreigner,0,7,1,1,7
Monday-February 9-2009,14 safar 1430 A.H,Working Day,nan,Bannu,KPK,Police,5,18,1,2,23
Friday-February 20-2009,25 safar 1430 A.H,Working Day,nan,D.I Khan ,KPK,Civilian,36,200,1,20,236
Saturday-February 21-2009,26 safar 1430 A.H,Working Day,nan,Bannu,KPK,Police,2,0,1,1,2
Monday-February 23-2009,28 safar 1430 A.H.,Working Day,nan,Bannu,KPK,Police,1,2,1,1,3
Monday-March 2-2009,5 Raby` al-awal 1430 A.H,Working Day,nan,Pishin,Baluchistan,Government Official,6,12,1,1.5,18
Wednesday-March 11-2009,14 Raby` al-awal 1430 A.H,Working Day,nan,Peshawar,KPK,Government Official,5,6,1,1,11
Monday-March 16-2009,19 Raby` al-awal 1430 A.H,Working Day,nan,Rawalpindi,Punjab,Civilian,15,18,1,3,33
Monday-March 23-2009,26 Raby` al-awal 1430 A.H,Holiday,Pakistan Day,Islamabad,Capital,Police,2,8,1,1,10
Thursday-March 26-2009,29 Raby` al-awal 1430 A.H,Working Day,nan,Tank,KPK,Anti-Militants,15,25,1,4,40
Friday-March 27-2009,30 Raby` al-awal 1430 A.H,Working Day,nan,Khyber Agency,FATA,Religious,76,175,1,20,251
Monday-March 30-2009,3 Raby` al-THaany 1430 A.H,Working Day,nan,North waziristan,FATA,Military,4,9,1,1.5,13
Saturday-April 4-2009,8 Raby` al-THaany 1430 A.H,Working Day,nan,Islamabad,Capital,Military,8,7,1,1.5,15
Saturday-April 4-2009,8 Raby` al-THaany 1430 A.H,Working Day,nan,North waziristan,FATA,Military,8,39,1,4,47
Sunday-April 5-2009,9 Raby` al-THaany 1430 A.H,Holiday,Weekend,Chakwal ,Punjab,Religious,27,60,1,7.5,87
Wednesday-April 15-2009,19 Raby` al-THaany 1430 A.H,Working Day,nan,Charsadda,KPK,Police,18,10,1,2.5,28
Saturday-April 18-2009,22 Raby` al-THaany 1430 A.H,Working Day,nan,Hangu,KPK,Police,27,65,1,8,92
Tuesday-May 5-2009,10 Jumaada al-awal 1430 A.H.,Working Day,nan,Peshawar,KPK,Military,11,48,1,6,59
Monday-May 11-2009,16 Jumaada al-awal 1430 A.H,Working Day,nan,Dara Adam Khel,KPK,Police,11,27,1,3.5,38
Thursday-May 21-2009,26 Jumaada al-awal 1430 A.H,Working Day,nan,Tank,KPK,Military,9,36,1,4,45
Wednesday-May 27-2009,3 Jumaada al-THaany 1430 A.H,Working Day,nan,Lahore,Punjab,Police,27,370,1,35,397
Thursday-May 28-2009,4 Jumaada al-THaany 1430 A.H,Working Day,nan,Peshawar,KPK,Police,5,9,1,2,14
Thursday-May 28-2009,4 Jumaada al-THaany 1430 A.H,Working Day,nan,D.I Khan ,KPK,Police,5,12,1,2,17
Friday-June 5-2009,12 Jumaada al-THaany 1430 A.H,Working Day,nan,Upper Dir,FATA,Religious,40,70,1,10,110
Saturday-June 6-2009,13 Jumaada al-THaany 1430 A.H,Working Day,nan,Islamabad,Capital,Police,2,5,1,1,7
Tuesday-June 9-2009,16 Jumaada al-THaany 1430 A.H,Working Day,nan,Peshawar,KPK,Foreigner,15,80,1,8.5,95
Thursday-June 11-2009,18 Jumaada al-THaany 1430 A.H,Working Day,nan,Peshawar,KPK,Police,2,15,1,1.5,17
Friday-June 12-2009,19 Jumaada al-THaany 1430 A.H,Working Day,nan,Lahore,Punjab,Religious,7,12,1,2,19
Friday-June 12-2009,19 Jumaada al-THaany 1430 A.H,Working Day,nan,Nowshehra,KPK,Religious,7,105,1,9,112
Monday-June 22-2009,29 Jumaada al-THaany 1430 A.H. ,Working Day,nan,Swat,KPK,Police,2,7,1,1,9
Friday-June 26-2009,3 Rajab 1430 A.H,Working Day,nan,Muzaffarabad,AJK,Military,2,4,1,1,6
Tuesday-June 30-2009,7 Rajab 1430 A.H.,Working Day,nan,Khyber Agency,FATA,foreigner,4,11,1,1.5,15
Wednesday-July 1-2009,8 Rajab 1430 A.H.,Working Day,nan,Peshawar,KPK,Unknown,1,0,1,1,1
Thursday-July 2-2009,9 Rajab 1430 A.H.,Working Day,nan,Rawalpindi,Punjab,Government official,1,40,1,3.5,41
Wednesday-July 8-2009,15 Rajab 1430 A.H,Working Day,nan,Peshawar,KPK,Police,1,5,1,1,6
Tuesday-July 28-2009,6 SHa`baan 1430 A.H,Working Day,nan,North Waziristan,KPK,Police,2,5,1,1,7
Thursday-August 13-2009,22 SHa`baan 1430 A.H,Working Day,nan,South Waziristan,FATA,Anti-Militants,5,0,1,1,5
Saturday-August 15-2009,24 SHa`baan 1430 A.H,Working Day,nan,Swat,KPK,Police,5,4,1,1,9
Sunday-August 16-2009,25 SHa`baan 1430 A.H,Holiday,Weekend,swat,KPK,Police,1,3,1,1,4
Tuesday-August 18-2009,27 SHa`baan 1430 A.H.,Working Day,nan,North Waziristan,KPK,Military,7,3,1,2,10
Friday-August 21-2009,30 SHa`baan 1430 A.H,Working Day,nan,Kohat,KPK,Civilian,122,178,1,25,300
Saturday-August 22-2009,1 RamaDHaan 1430 A.H. ,Working Day,nan,Swat ,KPK,Police,3,8,1,1,11
Sunday-August 23-2009,2 RamaDHaan 1430 A.H. ,Holiday,Weekend,Peshawar,KPK,Anti-Militants,3,15,1,1.5,18
Thursday-August 27-2009,6 RamaDHaan 1430 A.H,Working Day,nan,Khyber Agency,FATA,Military,22,27,1,4,49
Sunday-August 30-2009,9 RamaDHaan 1430 A.H,Holiday,Weekend,Swat,KPK,Police,18,14,1,3,32
Saturday-September 12-2009,22 RamaDHaan 1430 A.H,Working Day,nan,Hangu,KPK,Police,2,4,1,1,6
Sunday-September 13-2009,23 RamaDHaan 1430 A.H,Holiday,Weekend,Malakand ,KPK,Military,1,5,2,0.5,6
Friday-September 18-2009,28 RamaDHaan 1430 A.H,Working Day,nan,Kohat,KPK,Civilian,37,60,1,8,97
Saturday-September 19-2009,29 RamaDHaan 1430 A.H,Working Day,nan,Dara Adam Khel,KPK,Police,2,1,1,1,3
Monday-September 21-2009,2 SHawwal 1430 A.H. ,Working Day,nan,Totalai,KPK,Government Official,23,45,1,6.5,68
Saturday-September 26-2009,7 SHawwal 1430 A.H,Working Day,nan,Bannu,KPK,Police,10,65,1,7,75
Saturday-September 26-2009,7 SHawwal 1430 A.H,Working Day,nan,Peshawar,KPK,Civilian,14,120,1,12,134
Monday-September 28-2009,9 SHawwal 1430 A.H,Working Day,nan,bannu,KPK,Anti-Militants,5,0,1,1.5,5
Monday-October 5-2009,16 SHawwal 1430 A.H,Working Day,nan,Islamabad,Capital,foreigner,5,8,1,1.5,13
Friday-October 9-2009,20 SHawwal 1430 A.H,Working Day,nan,Peshawar,KPK,Civilian,50,187,1,20,237
Monday-October 12-2009,23 SHawwal 1430 A.H,Working Day,nan,Shangla ,KPK,Military,41,50,1,8.5,91
Thursday-October 15-2009,26 SHawwal 1430 A.H,Working Day,nan,Kohat,KPK,Police,12,24,1,3,36
Thursday-October 15-2009,26 SHawwal 1430 A.H,Working Day,nan,Lahore,Punjab,Police,18,50,1,5.5,68
Friday-October 16-2009,27 SHawwal 1430 A.H,Working Day,nan,Peshawar,KPK,Military,15,24,1,3.5,39
Tuesday-October 20-2009,1 Thw al-Qi`dah 1430 A.H,Working Day,nan,Islamabad,Capital,Civilian,6,40,2,2,46
Friday-October 23-2009,4 Thw al-Qi`dah 1430 A.H,Working Day,nan,Attock ,Punjab,Military,9,17,1,2.5,26
Saturday-October 24-2009,5 Thw al-Qi`dah 1430 A.H,Working Day,nan,Chakwal ,Punjab,police,1,0,1,1,1
Monday-November 2-2009,14 Thw al-Qi`dah 1430 A.H,Working Day,nan,Rawalpindi,Punjab,Civilian,38,65,1,9,103
Monday-November 2-2009,14 Thw al-Qi`dah 1430 A.H,Working Day,nan,Lahore,Punjab,Police,13,25,1,3.5,38
Sunday-November 8-2009,20 Thw al-Qi`dah 1430 A.H,Holiday,Weekend,Peshawar,KPK,Government Official,19,45,1,5.5,64
Monday-November 9-2009,21 Thw al-Qi`dah 1430 A.H,Holiday,Iqbal Day,Peshawar,KPK,Police,3,7,1,1,10
Tuesday-November 10-2009,22 Thw al-Qi`dah 1430 A.H,Working Day,nan,Charsadda,KPK,Civilian,34,100,1,12,134
Friday-November 13-2009,25 Thw al-Qi`dah 1430 A.H,Working Day,nan,Peshawar,KPK,Military,13,70,1,7,83
Friday-November 13-2009,25 Thw al-Qi`dah 1430 A.H,Working Day,nan,Bannu,KPK,Police,8,29,1,3,37
Saturday-November 14-2009,26 Thw al-Qi`dah 1430 A.H,Working Day,nan,Peshawar,KPK,Police,12,35,1,4,47
Monday-November 16-2009,28 Thw al-Qi`dah 1430 A.H,Working Day,nan,Peshawar,KPK,Police,3,43,1,4,46
Thursday-November 19-2009,2 Thw al-Hijjah 1430 A.H,Working Day,nan,Peshawar,KPK,Government Official,22,50,1,6,72
Tuesday-December 1-2009,14 Thw al-Hijjah 1430 A.H,Working Day,nan,Swat,KPK,Government Official,2,30,1,3,32
Wednesday-December 2-2009,15 Thw al-Hijjah 1430 A.H,Working Day,nan,Islamabad,Capital,Military,2,18,1,2,20
Friday-December 4-2009,17 Thw al-Hijjah 1430 A.H,Working Day,nan,Rawalpindi,Punjab,Military,40,83,1,10,123
Monday-December 7-2009,20 Thw al-Hijjah 1430 A.H,Working Day,nan,Peshawar,KPK,Government official,11,50,1,5,61
Monday-December 7-2009,21 Thw al-Hijjah 1430 A.H,Working Day,nan,Lahore,Punjab,Civilian,45,135,2,8,180
Tuesday-December 8-2009,21 Thw al-Hijjah 1430 A.H,Working Day,nan,Multan,Punjab,Military,15,61,1,6.5,76
Tuesday-December 15-2009,28 Thw al-Hijjah 1430 A.H,Working Day,nan,D.G Khan,KPK,Government Official,33,70,1,8.5,103
Thursday-December 17-2009,30 Thw al-Hijjah 1430 A.H,Working Day,nan,Bannu,KPK,Government Official,5,8,1,1.5,13
Friday-December 18-2009,1 MuHarram 1431 A.H. ,Working Day,nan,Lower Dir,KPK,Police,12,35,1,4,47
Tuesday-December 22-2009,5 MuHarram 1431 A.H,Working Day,nan,Peshawar,KPK,Media,3,24,1,3,27
Thursday-December 24-2009,7 MuHarram 1431 A.H,Working Day,nan,Peshawar,KPK,Government Official,5,25,1,3,30
Thursday-December 24-2009,7 MuHarram 1431 A.H,Working Day,nan,Islamabad,Capital,Religious,1,4,1,1,5
Monday-December 28-2009,11 MuHarram 1431 A.H,Holiday,Ashura,Muzaffarabad,AJK,Religious,15,100,1,10,115
Friday-January 1-2010,15 MuHarram 1431 A.H,Working Day,nan,Lakki marwat,KPK,Civilian,100,100,1,17,200
Wednesday-January 6-2010,20 MuHarram 1431 A.H,Working Day,nan,Sudhanoti,AJK,Military,4,12,1,1.5,16
Friday-January 8-2010,22 MuHarram 1431 A.H,Working Day,nan,Khyber Agency ,KPK,Religious,8,11,1,2,19
Friday-January 8-2010,22 MuHarram 1431 A.H,Working Day,nan,peshawar,KPK,Police,0,6,1,1,6
Saturday-January 16-2010,30 MuHarram 1431 A.H,Working Day,nan,Poonch,AJK,Police,1,2,1,1,3
Saturday-January 23-2010,8 safar 1431 A.H,Working Day,nan,Tank,KPK,Police,5,11,1,1.5,16
Friday-January 29-2010,14 safar 1431 A.H,Working Day,nan,Bajaur Agency,FATA,Military,17,47,1,5.5,64
Wednesday-February 10-2010,26 safar 1431 A.H,Working Day,nan,Khyber Agency,KPK,Military,22,11,1,3,33
Thursday-February 11-2010,27 safar 1431 A.H,Working Day,nan,Bannu,KPK,Police,15,30,2,3.5,45
Thursday-February 18-2010,4 Raby` al-awal 1431 A.H,Working Day,nan,Khyber Agency,KPK,Anti-Militants,31,110,1,12,141
Saturday-February 20-2010,6 Raby` al-awal 1431 A.H,Working Day,nan,Mansehra,KPK,Police,1,10,2,1,11
Monday-February 22-2010,8 Raby` al-awal 1431 A.H,Working Day,nan,Swat,KPK,Military,13,41,1,4.5,54
Saturday-February 27-2010,13 Raby` al-awal 1431 A.H,Holiday,Eid Milad un-Nabi,Karak,KPK,Police,4,24,2,3,28
Friday-March 5-2010,19 Raby` al-awal 1431 A.H,Working Day,nan,Hangu,KPK,Civilian,14,35,1,4,49
Monday-March 8-2010,22 Raby` al-awal 1431 A.H,Working Day,nan,Lahore ,Punjab,Military,14,100,1,10,114
Friday-March 12-2010,26 Raby` al-awal 1431 A.H,Working Day,nan,Lahore ,Punjab,Military,57,100,2,13,157
Saturday-March 13-2010,27 Raby` al-awal 1431 A.H,Working Day,nan,Swat,KPK,Police,17,60,1,6.5,77
Monday-March 29-2010,13 Raby` al-THaany 1431 A.H.,Working Day,nan,Tank,KPK,Anti-Militants,2,2,1,1,4
Monday-March 29-2010,13 Raby` al-THaany 1431 A.H.,Working Day,nan,Bajaur Agency,FATA,Anti-Militants,2,8,1,1,10
Monday-April 5-2010,20 Raby` al-THaany 1431 A.H.,Working Day,nan,Peshawar,KPK,foreigner,8,0,1,1,8
Monday-April 5-2010,20 Raby` al-THaany 1431 A.H.,Working Day,nan,Lower Dir,KPK,Government Official,56,120,3,6,176
Friday-April 16-2010,2 Jumaada al-awal 1431 A.H,Working Day,nan,Quetta,Baluchistan,Government Official,11,40,1,4.5,51
Saturday-April 17-2010,3 Jumaada al-awal 1431 A.H,Working Day,nan,Kohat,KPK,Civilian,44,70,2,10,114
Sunday-April 18-2010,4 Jumaada al-awal 1431 A.H,Holiday,Weekend,Kohat,KPK,Police,7,32,1,3,39
Monday-April 19-2010,5 Jumaada al-awal 1431 A.H,Working Day,nan,Peshawar,KPK,Anti-Militants,24,49,1,6,73
Wednesday-April 28-2010,14 Jumaada al-awal 1431 A.H,Working Day,nan,Peshawar,KPK,Police,5,14,1,2,19
Saturday-May 1-2010,17 Jumaada al-awal 1431 A.H,Holiday,Labour Day,Swat,KPK,Civilian,7,16,1,2,23
Sunday-May 2-2010,18 Jumaada al-awal 1431 A.H,Holiday,Weekend,Bajaur Agency,FATA,Military,3,8,1,1,11
Friday-May 28-2010,14 Jumaada al-THaany 1431 A.H,Working Day,nan,Lahore ,Punjab,Civilian,95,200,1,25,295
Thursday-July 1-2010,19 Rajab 1431 A.H,Working Day,nan,Lahore ,Punjab,Civilian,42,175,2,10,217
Friday-July 9-2010,27 Rajab 1431 A.H,Working Day,nan,Mohmand Agency ,FATA,Government Official,80,110,2,8,190
Monday-July 12-2010,30 Rajab 1431 A.H,Working Day,nan,Kohat,KPK,Government Official,15,26,1,3.5,41
Sunday-July 18-2010,6 SHa`baan 1431 A.H,Holiday,Weekend,Sargodha,Punjab,Religious,4,26,1,3,30
Monday-July 26-2010,14 SHa`baan 1431 A.H,Working Day,nan,Nowshehra,KPK,Government Official,8,25,1,3,33
Wednesday-August 4-2010,23 SHa`baan 1431 A.H,Working Day,nan,Peshawar,KPK,Military,4,14,1,2,18
Monday-August 23-2010,13 RamaDHaan 1431 A.H.,Working Day,nan,South waziristan,FATA,Anti-Militants,30,40,1,5.5,70
Wednesday-September 1-2010,23 RamaDHaan 1431 A.H,Working Day,nan,Lahore ,Punjab,Religious,43,243,3,8,286
Friday-September 3-2010,24 RamaDHaan 1431 A.H.,Working Day,nan,Quetta,Baluchistan,Civilian,62,200,1,22,262
Friday-September 3-2010,24 RamaDHaan 1431 A.H.,Working Day,nan,Mardan,KPK,Religious,1,4,1,1,5
Monday-September 6-2010,27 RamaDHaan 1431 A.H,Holiday,Defence Day,lakki marwat,KPK,Police,19,57,1,6.5,76
Thursday-September 9-2010,30 RamaDHaan 1431 A.H,Working Day,nan,Quetta,Baluchistan,Government Official,5,6,1,1,11
Thursday-October 7-2010,28 SHawwal 1431 A.H,Working Day,nan,Karachi,Sindh,Religious,10,77,2,4,87
Monday-October 18-2010,10 Thw al-Qi`dah 1431 A.H,Working Day,nan,Lakki marwat,KPK,civilian,0,14,1,1,14
Monday-November 1-2010,24 Thw al-Qi`dah 1431 A.H,Working Day,nan,Swabi ,KPK,Police,5,13,1,1.5,18
Friday-November 5-2010,28 Thw al-Qi`dah 1431 A.H,Working Day,nan,Dara Adam khel,KPK,Religious,76,132,1,17.5,208
Thursday-November 11-2010,5 Thw al-Hijjah 1431 A.H,Working Day,nan,Karachi ,Sindh,Military,20,140,1,15,160
Thursday-November 11-2010,5 Thw al-Hijjah 1431 A.H,Working Day,nan,Poonch,AJK,Military,0,2,1,1,2
Sunday-November 14-2010,8 Thw al-Hijjah 1431 A.H,Holiday,Weekend,South waziristan,FATA,Anti-Militants,1,8,1,1,9
Tuesday-November 30-2010,24 Thw al-Hijjah 1431 A.H,Working Day,nan,Bannu,KPK,Police,6,22,1,2.5,28
Monday-December 6-2010,30 Thw al-Hijjah 1431 A.H,Working Day,nan,Mohmand Agency ,Fata,Government Official,50,100,2,7,150
Tuesday-December 7-2010,1 MuHarram 1432 A.H,Working Day,nan,Quetta,Baluchistan,Government Official,0,12,1,1,12
Wednesday-December 8-2010,2 MuHarram 1432 A.H,Working Day,nan,Kohat,KPK,Civilian,20,32,1,4.5,52
Friday-December 10-2010,4 MuHarram 1432 A.H,Working Day,nan,Hangu,KPK,civilian,17,30,1,4,47
Thursday-December 23-2010,17 MuHarram 1432 A.H,Working Day,nan,Islamabad,Capital,religious,1,2,1,1,3
Friday-December 24-2010,18 MuHarram 1432 A.H,Working Day,nan,Peshawar,KPK,Civilian,4,24,1,2.5,28
Saturday-December 25-2010,19 MuHarram 1432 A.H,Holiday,Christmas/ birthday of Quaid-e-Azam,Bajaur Agency,FATA,Police,47,105,1,13,152
Monday-December 27-2010,21 MuHarram 1432 A.H,Working Day,nan,Muzaffarabad,AJK,religious,7,65,1,7,72
Wednesday-January 12-2011,8 safar 1432 A.H,Working Day,nan,Bannu,KPK,civilian,20,20,1,3.5,40
Tuesday-January 25-2011,21 safar 1432 A.H,Working Day,nan,Lahore,Punjab,Religious,17,80,1,8,97
Thursday-January 27-2011,23 safar 1432 A.H,Working Day,nan,Bajaur Agency,FATA,Military,5,12,1,1.5,17
Monday-January 31-2011,27 safar 1432 A.H,Working Day,nan,Peshawar,KPK,Police,7,16,1,2,23
Thursday-February 10-2011,7 Raby` al-awal 1432 A.H,Working Day,nan,Mardan,KPK,Military,36,50,1,7.5,86
Friday-February 11-2011,8 Raby` al-awal 1432 A.H,Working Day,nan,Mohmand Agency ,Fata,Police,1,3,1,0.5,4
Saturday-February 12-2011,9 Raby` al-awal 1432 A.H,Working Day,nan,Malakand ,KPK,Military,3,0,1,0.5,3
Saturday-February 19-2011,16 Raby` al-awal 1432 A.H,Working Day,nan,Bannu,KPK,Police,0,4,1,0.5,4
Tuesday-March 1-2011,26 Raby` al-awal 1432 A.H,Working Day,nan,Karachi,Sindh,civilian,21,34,1,4.5,55
Thursday-March 3-2011,28 Raby` al-awal 1432 A.H,Working Day,nan,Hangu,KPK,Police,9,36,1,3.5,45
Wednesday-March 9-2011,4 Raby` al-THaany 1432 A.H,Working Day,nan,Peshawar,KPK,Anti-Militants,43,52,1,8,95
Thursday-March 24-2011,19 Raby` al-THaany 1432 A.H,Working Day,nan,Hangu,KPK,Police,8,30,1,3.5,38
Wednesday-March 30-2011,25 Raby` al-THaany 1432 A.H,Working Day,nan,Swabi ,KPK,Government Official,13,23,1,3,36
Thursday-March 31-2011,26 Raby` al-THaany 1432 A.H,Working Day,nan,Charsadda,KPK,Government Official,12,42,1,4.5,54
Friday-April 1-2011,27 Raby` al-THaany 1432 A.H,Working Day,nan,Dara Adam khel,KPK,Anti-Militants,1,8,1,1,9
Sunday-April 3-2011,29 Raby` al-THaany 1432 A.H,Holiday,Weekend,D.G Khan ,KPK,Religious,50,114,2,7,164
Monday-April 4-2011,30 Raby` al-THaany 1432 A.H,Working Day,nan,Lower Dir,KPK,Anti-Militants,9,30,1,3.5,39
Thursday-April 7-2011,3 Jumaada al-awal 1432 A.H,Working Day,nan,Quetta,Baluchistan,Police,1,19,1,2,20
Saturday-April 23-2011,19 Jumaada al-awal 1432 A.H,Working Day,nan,Bajaur Agency,FATA,Anti-Militants,5,8,1,1.5,13
Friday-May 13-2011,nan,Working Day,nan,Charsadda,KPK,Military,95,140,2,10,235
Saturday-May 14-2011,nan,Working Day,nan,D.G Khan ,KPK,civilian,3,9,1,1,12
Wednesday-May 25-2011,nan,Working Day,nan,Peshawar,KPK,Police,11,48,1,5,59
Thursday-May 26-2011,nan,Working Day,nan,Hangu,KPK,Police,32,60,1,8,92
Saturday-May 28-2011,nan,Working Day,nan,Bajaur Agency,FATA,Anti-Militants,8,11,1,2,19
Sunday-June 5-2011,nan,Holiday,Weekend,Nowshehra,KPK,Military,19,45,1,5.5,64
Sunday-June 12-2011,nan,Holiday,Weekend,Peshawar,KPK,Civilian,35,107,1,12,142
Monday-June 13-2011,nan,Working Day,nan,Islamabad,Capital,Civilian,2,6,1,1,8
Saturday-June 25-2011,nan,Working Day,nan,D.I Khan ,KPK,Police,10,5,1,1.5,15
Monday-July 11-2011,nan,Working Day,nan,Peshawar,KPK,Government Official,7,26,1,3,33
Thursday-July 21-2011,nan,Working Day,nan,South waziristan,FATA,Foreigner,0,2,1,0.5,2
Sunday-July 24-2011,nan,Holiday,Weekend,South waziristan,FATA,Military,1,7,1,1,8
Saturday-August 6-2011,nan,Working Day,nan,Mohmand Agency ,Fata,Military,1,0,1,0.5,1
Thursday-August 11-2011,nan,Working Day,nan,Peshawar,KPK,Police,2,12,1,1.5,14
Friday-August 19-2011,nan,Working Day,nan,Khyber Agency,KPK,Civilian,60,130,1,16,190
Wednesday-August 31-2011,5 SHawwal 1432 A.H.,Holiday,Eid-ul-Fitar,Quetta,Baluchistan,religious,13,25,1,3,38
Thursday-September 1-2011,6 SHawwal 1432 A.H.,Holiday,Eid-ul-Fitar,Lakki marwat,KPK,Police,2,25,1,2.5,27
Wednesday-September 7-2011,nan,Working Day,nan,Quetta,Baluchistan,Military,28,82,2,4.5,110
Thursday-September 15-2011,nan,Working Day,nan,Lower Dir,KPK,Civilian,34,75,1,9,109
Monday-September 19-2011,nan,Working Day,nan,karachi,Sindh,Police,8,7,1,1.5,15
Friday-October 28-2011,nan,Working Day,nan,Nowshehra,KPK,Police,2,7,1,1,9
Monday-November 7-2011,nan,Working Day,nan,Swabi ,KPK,Government Official,3,9,1,1,12
Wednesday-November 16-2011,nan,Working Day,nan,Karachi,Sindh,Police,7,1,1,1,8
Friday-November 18-2011,nan,Working Day,nan,Karachi,Sindh,Military,1,4,1,1,5
Saturday-December 24-2011,nan,Working Day,nan,Bannu,KPK,Military,6,19,1,2,25
Tuesday-January 3-2012,nan,Working Day,nan,Gujrat,Punjab,Civilian,2,5,1,1,7
Tuesday-January 3-2012,nan,Working Day,nan,Peshawar,KPK,Civilian,2,28,1,2.5,30
Tuesday-January 3-2012,nan,Working Day,nan,Khyber Agency,FATA,Civilian,3,9,1,1,12
Saturday-January 14-2012,nan,Working Day,nan,D.I Khan,KPK,Police,8,10,3,0.5,18
Monday-January 30-2012,nan,Working Day,nan,Peshawar,KPK,Anti-Militants,4,8,1,1,12
Friday-February 17-2012,nan,Working Day,nan,Kuram Agency ,FATA,Civilian,28,36,1,5.5,64
Thursday-February 16-2012,nan,Working Day,nan,Upper Dir,FATA,Civilian,1,3,1,0.5,4
Friday-February 24-2012,nan,Working Day,nan,Peshawar,KPK,Police,4,6,3,0.5,10
Saturday-March 3-2012,nan,Holiday,Weekend,Peshawar,KPK,Government Official,1,6,1,1,7
Sunday-March 4-2012,nan,Holiday,Weekend,D.I Khan,KPK,Police,0,3,1,0.5,3
Sunday-March 11-2012,nan,Holiday,Weekend,Peshawar,KPK,Government Official,15,33,1,4,48
Thursday-March 15-2012,nan,Working Day,nan,Peshawar,KPK,Police,1,5,1,1,6
Friday-March 23-2012,nan,Working Day,nan,Khyber Agency,KPK,Anti-Militants,13,10,1,2,23
Thursday-April 5-2012,nan,Working Day,nan,Karachi,Sindh,Police,7,14,1,2,21
Friday-May 4-2012,nan,Working Day,nan,Bajaur Agency,FATA,Police,26,75,1,8.5,101
Tuesday-June 12-2012,nan,Working Day,nan,Peshawar,KPK,Anti-Militants,3,5,1,1,8
Thursday-June 28-2012,nan,Working Day,nan,Quetta,Baluchistan,Religious,14,30,1,3.5,44
Monday-July 16-2012,nan,Working Day,nan,Bannu,KPK,Police,7,8,1,1.5,15
Monday-September 3-2012,nan,Working Day,nan,Peshawar,KPK,Foreigner,2,21,1,2,23
Monday-September 10-2012,nan,Working Day,nan,Kuram Agency ,FATA,Civilian,15,80,1,8,95
Saturday-October 13-2012,nan,Holiday,Weekend,Dara Adam khel,KPK,Anti-Militants,20,41,1,5,61
Sunday-November 4-2012,nan,Holiday,Weekend,Buner,KPK,Anti-Militants,6,10,1,1.5,16
Wednesday-November 7-2012,nan,Working Day,nan,Peshawar,KPK,Police,8,37,1,3.5,45
Thursday-November 8-2012,nan,Working Day,nan,Karachi,Sindh,Military,3,23,1,2,26
Monday-November 19-2012,nan,Working Day,nan,Mohmand Agency ,FATA,Government Official,0,4,1,0.5,4
Wednesday-November 21-2012,nan,Working Day,nan,Karachi,Sindh,Religious,4,7,1,1,11
Wednesday-November 21-2012,nan,Working Day,nan,Rawalpindi,Punjab,Religious,20,40,1,5,60
Sunday-November 25-2012,nan,Holiday,Ashura,D.I Khan,KPK,religious,6,80,1,7,86
Thursday-November 29-2012,nan,Working Day,nan,South Waziristan,FATA,Anti-Militants,8,18,1,2,26
Tuesday-December 4-2012,nan,Working Day,nan,Peshawar,KPK,Police,6,10,1,1.5,16
Wednesday-December 5-2012,nan,Working Day,nan,South waziristan,FATA,Military,3,25,1,2.5,28
Saturday-December 22-2012,nan,Holiday,Weekend,Peshawar,KPK,Government Official,9,20,1,2.5,29
Thursday-January 10-2013,nan,Working Day,nan,Quetta,Baluchistan,Civilian,93,121,2,9,214
Friday-February 1-2013,nan,Working Day,nan,Hangu,KPK,Civilian,27,50,1,6.5,77
Thursday-February 14-2013,nan,Working Day,nan,Hangu,KPK,Military,0,23,1,2,23
Thursday-February 14-2013,nan,Working Day,nan,Bannu,KPK,Police,40,56,4,2,96
Saturday-February 16-2013,nan,Working Day,Weekend,Quetta,Baluchistan,Civilian,84,200,1,25,284
Monday-February 18-2013,nan,Working Day,nan,Peshawar,KPK,Government Official,41,72,2,4.5,113
Monday-March 18-2013,nan,Working Day,nan,Peshawar,KPK,Government Official,4,47,2,4.5,51
Saturday-March 23-2013,nan,Holiday,Pakistan Day,North waziristan,FATA,Military,22,35,1,5,57
Friday-March 29-2013,nan,Working Day,nan,Peshawar,KPK,Military,12,35,1,4,47
Tuesday-April 16-2013,nan,Working Day,nan,Peshawar,KPK,Civilian,18,60,1,6.5,78
Tuesday-April 16-2013,nan,Working Day,nan,North waziristan,FATA,Military,9,18,1,2.5,27
Saturday-April 20-2013,nan,Working Day,nan,Bajaur Agency,FATA,Civilian,4,4,1,1,8
Tuesday-April 23-2013,nan,Working Day,nan,Quetta,Baluchistan,Civilian,6,40,1,4,46
Monday-April 29-2013,nan,Working Day,nan,Peshawar,KPK,civilian,10,45,1,4.5,55
Wednesday-May 1-2013,nan,Holiday,Labour Day,Shikarpur,Sindh,civilian,1,2,1,0.5,3
Tuesday-May 7-2013,nan,Working Day,nan,Hangu,KPK,Civilian,12,40,1,4.5,52
Wednesday-May 8-2013,nan,Working Day,nan,Bannu,KPK,Police,3,27,1,2.5,30
Saturday-May 11-2013,nan,Holiday,General Elections,Karachi,Sindh,Military,2,5,1,1,7
Sunday-May 12-2013,nan,Holiday,Weekend,Quetta,Baluchistan,Police,7,68,1,6.5,75
Friday-May 24-2013,nan,Working Day,nan,Peshawar,KPK,religious,3,2,1,1,5
Monday-June 3-2013,nan,Working Day,nan,North waziristan,FATA,Military,0,2,1,0.5,2
Saturday-June 15-2013,nan,Working Day,nan,Quetta,Baluchistan,civilian,14,19,1,3,33
Saturday-June 15-2013,nan,Working Day,nan,Quetta,Baluchistan,Police,11,0,1,1,11
Tuesday-June 18-2013,nan,Working Day,nan,Mardan,KPK,civilian,34,60,1,9,94
Friday-June 21-2013,nan,Working Day,nan,Peshawar,KPK,Civilian,15,30,1,4,45
Sunday-June 30-2013,nan,Holiday,Weekend,Quetta,Baluchistan,Civilian,30,70,1,8.5,100
Monday-July 8-2013,nan,Working Day,nan,Hangu,KPK,Civilian,8,10,1,1.5,18
Thursday-July 25-2013,nan,Working Day,nan,Sukkur,Sindh,Military,9,30,2,1,39
Friday-July 26-2013,nan,Working Day,nan,Kuram Agency ,KPK,Civilian,50,200,2,10,250
Thursday-August 8-2013,nan,Holiday,Eid Holidays,Quetta,Baluchistan,Police,38,60,1,8,98
Sunday-September 22-2013,nan,Holiday,nan,Peshawar,KPK,Civilian,81,145,2,10,226
Wednesday-October 2-2013,nan,Working Day,nan,Chaman,Baluchistan,Government Official,8,16,1,3,24
Thursday-October 3-2013,nan,Working Day,nan,Hangu,KPK,Anti-Militants,17,22,1,3.5,39
Friday-October 11-2013,nan,Working Day,nan,South waziristan,FATA,Military,2,2,1,0.5,4
Wednesday-October 16-2013,nan,Holiday,Eid Holidays,D. I Khan,KPK,Civilian,9,30,1,0.5,39
Saturday-November 16-2013,nan,Holiday,Weekend,Bannu,KPK,Military,0,7,1,1,7
Tuesday-November 19-2013,nan,Working Day,nan,North waziristan,FATA,Anti-Militants,7,1,1,1,8
Friday-November 22-2013,nan,Working Day,nan,Khyber Agency,KPK,Government Official,0,26,1,2,26
Tuesday-December 17-2013,nan,Working Day,nan,Rawalpindi,Punjab,Civilian,3,7,1,1,10
Wednesday-December 18-2013,nan,Working Day,nan,North waziristan,FATA,Military,5,34,1,3.5,39
Friday-December 20-2013,nan,Working Day,nan,Karachi,Sindh,Police,2,21,1,2,23
Wednesday-January 1-2014,nan,Working Day,nan,Quetta,Baluchistan,Civilian,3,31,1,3,34
Monday-January 6-2014,nan,Working Day,nan,Hangu,KPK,Civilian,2,2,1,0.5,4
Thursday-January 9-2014,nan,Working Day,nan,Karachi,Sindh,Police,3,11,1,1.5,14
Monday-January 20-2014,nan,Working Day,nan,Rawalpindi,Punjab,Military,13,15,1,2.5,28
Thursday-January 23-2014,nan,nan,nan,Peshawar,KPK,nan,6,8,1,1,14
Wednesday-January 29-2014,nan,Working Day,nan,Karachi,Sindh,Military,3,1,1,0.5,4
Tuesday-February 4-2014,nan,Working Day,nan,Peshawar,KPK,Civilian,9,50,1,12,59
Friday-February 7-2014,nan,Working Day,nan,Khanewal,Punjab,Police,0,5,1,1,5
Monday-February 10-2014,nan,Working Day,nan,Peshawar,KPK,Civilian,4,3,1,1,7
Thursday-February 13-2014,nan,Working Day,nan,Karachi,Sindh,Police,13,47,1,5,60
Monday-February 24-2014,nan,Working Day,nan,Peshawar,KPK,Military,3,10,1,1,13
Monday-March 3-2014,nan,Working Day,nan,Islamabad,Capital,Government Official,11,29,1,3.5,40
Friday-March 14-2014,nan,Working Day,nan,Peshawar,KPK,Police,11,45,1,5,56
Thursday-April 24-2014,nan,Working Day,nan,Karachi,Sindh,Police,4,15,1,1.5,19
Sunday-May 11-2014,nan,Holiday,nan,Peshawar,KPK,Civilian,5,11,1,1.5,16
Wednesday-June 4-2014,nan,Working Day,nan,Fateh Jang,Punjab,Military,5,5,1,1,10
Sunday-June 8-2014,nan,Holiday,nan,Taftan,Baluchistan,Civilian,30,16,1,4,46
Monday-June 9-2014,nan,Working Day,nan,Karachi,Sindh,nan,28,24,1,4.5,52
Thursday-June 19-2014,nan,Working Day,nan,Peshawar,KPK,Civilian,2,5,1,1,7
Tuesday-June 24-2014,nan,Working Day,nan,North waziristan,FATA,Military,3,1,1,0.5,4
Wednesday-September 24-2014,nan,Working Day,nan,Peshawar,KPK,Military,5,29,1,3,34
Saturday-October 04-2014,nan,Working Day,nan,Quetta,Baluchistan,Civilian,5,12,1,1.5,17
Wednesday-October 15-2014,nan,nan,nan,Tirah Valley,FATA,nan,7,5,1,1,12
Thursday-October 23-2014,nan,Working Day,nan,Quetta,Baluchistan,Civilian,3,20,1,2,23
Sunday-November 02-2014,nan,Holiday,Weekend,Wagah,Punjab,Civilian,55,120,1,15,175
Tuesday-December 16-2014,nan,nan,nan,Peshawar,KPK,nan,148,132,1,24,280
Sunday-December 28-2014,nan,nan,nan,Zhob,Balochistan,nan,2,0,1,0.5,2
Friday-January 30-2015,nan,nan,nan,Shikarpur,Sindh,nan,62,39,1,8.5,101
Friday-February 13-2015,nan,nan,nan,Peshawar,KPK,nan,21,60,1,7,81
Tuesday-February 17-2015,nan,nan,nan,Lahore,Punjab,nan,9,0,1,1,9
Wednesday-February 18-2015,nan,nan,nan,Rawalpindi,Punjab,nan,5,6,1,1,11
Sunday-March 15-2015,nan,nan,nan,Lahore,Punjab,nan,17,72,1,7,89
Friday-March 20-2015,nan,nan,nan,Karachi,Sindh,nan,3,0,1,0.5,3
Wednesday-May 6-2015,nan,Working Day,nan,KURRAM AGENCY,FATA,nan,3,3,1,1,6
Tuesday-May 26-2015,nan,Working Day,nan,Karachi,Sindh,Rangers,2,0,1,0.5,2
Tuesday-May 26-2015,nan,Working Day,nan,Karachi,Sindh,nan,5,0,1,0.5,5
Friday-May 29-2015,nan,Working Day,nan,Lahore,Punjab,nan,2,6,1,1,8
Saturday-June 06-2015,nan,Weekend,nan,Sargodha,Punjab,nan,2,6,1,1,8
Monday-June 08-2015,nan,Working Day,nan,North waziristan,FATA,nan,19,0,1,1.5,19
Thursday-June 11-2015,nan,Working Day,nan,Peshawar,KPK,nan,2,7,1,1,9
Monday-June 29-2015,nan,Working Day,nan,Lahore,Punjab,nan,4,0,1,0.5,4
Friday-July 17-2015,nan,Holiday,nan,Quetta,Balochistan,nan,1,0,1,0.5,1
Sunday-Aug 16-2015,nan,Holiday,nan,ATTOCK,Punjab,nan,19,25,1,4,44
Thursday-Aug 27-2015,nan,Working Day,nan,MULTAN,Punjab,nan,4,2,1,1,6
Tuesday-Sep 01-2015,nan,Working Day,nan,Khyber Agency,KPK,nan,6,56,1,5,62
Sunday-Sep 20-2015,nan,Holiday,nan,Karachi,Sindh,Police & Rangers,54,31,1,7,85
Wednesday-Oct 14-2015,nan,Working Day,nan,Taunsa,Punjab,nan,0,20,1,1.5,20
Thursday-Oct-22-2015,nan,Holiday,Ashura Holiday,Quetta,Balochistan,Religious,11,15,1,2,26
Friday-Oct-23-2015,nan,Holiday,Ashura Holiday,Jacobabad,Sindh,Religious,23,40,1,5.5,63
Tuesday-Dec-29-2015,nan,Working Day,nan,Mardan,KPK,Civilian,26,56,1,7,82
Wednesday-Jan 13-2016,nan,Working Day,nan,Quetta,Balochistan,Civilian & Police,15,36,1,4.5,51
Tuesday-Jan 19-2016,nan,Working Day,nan,Peshawar,KPK,nan,12,25,1,2.5,37
Friday-Jan 29-2016,nan,Working Day,nan,Zhob,Balochistan,Army,0,6,1,1,6
Saturday-Feb 06-2016,nan,Working Day,nan,Quetta,Balochistan,Frontier Corps ,11,35,1,4,46
Saturday-Mar 07-2016,nan,Working Day,nan,Shabqadar-Charsadda,KPK,nan,20,31,1,4.5,51
Sunday-Mar 27-2016,nan,Holiday,nan,Lahore,Punjab,nan,72,300,1,31,372
Saturday-Apr 16-2016,8 Rajab 1437 A.H.,Working Day,nan,Khyber Agency,FATA,Civilian,2,0,1,0.5,2
Tuesday-Apr 19-2016,10 Rajab 1437 A.H.,Working Day,nan,Mardan,KPK,Government Official,1,18,1,1.5,19
Monday-May 30-2016,22 Shaban 1437 A.H.,Working Day,nan,Mardan,KPK,Police,1,15,1,1.5,16
Monday-Aug 08-2016,05 Zeqad 1437 A.H.,Working Day,nan,Quetta,Balochistan,advocates (lawyers),70,120,1,16,190
Friday-Sep 02-2016,29 Zeqad 1437 A.H.,Working Day,nan,Mardan,KPK,Civilian,14,60,1,6,74
Tuesday-Sep 13-2016,10 Zilhaj 1437 A.H.,Holiday,Eid ul Azha Holiday,Shikarpur,Sindh,religious,0,13,1,1,13
Friday-Sep 16-2016,13 Zilhaj 1437 A.H.,Working Day,nan,Mohmand Agency ,FATA,religious,36,0,1,3,36
Tuesday-Oct-25-2016,23 MuHarram 1438 A.H.,Working Day,nan,Quetta,Balochistan,Police,61,165,2,10,226
Saturday-Nov-12-2016,11 safar 1438 A.H.,Weekend,nan,Khuzdar,Balochistan,Civilian,52,100,1,13,152
Saturday-Nov-26-2016,25 safar 1438 A.H.,Weekend,nan,Mohmand Agency,FATA,Military,2,14,4,1.5,16
Tuesday-Feb-7-2017,09 Jamadi-ul-Awal 1438 A.H. ,Working Day,nan,Bannu,KPK,Police,0,2,1,0.5,2
Monday-Feb-13-2017,16 Jumada al-awwal 1438 A.H,Working Day,nan,Lahore,Punjab,Civilian,18,90,1,9,108
Wednesday-Feb-15-2017,19 Jumada al-awwal 1438 A.H,Working Day,nan,"Ghallanai, Mohmand Agency ",FATA,Army,8,3,1,1,11
Wednesday-Feb-15-2017,19 Jumada al-awwal 1438 A.H,Working Day,nan,Hayatabad,KPK,Civilian Judges,1,18,1,1.5,19
Wednesday-Feb-15-2017,19 Jumada al-awwal 1438 A.H,Working Day,nan,"Mosal Kor, Mohmand Agency",FATA,Government Official,1,0,1,0.5,1
Thursday-Feb-16-2017,20 Jumada al-awwal 1438 A.H,Working Day,nan,Sehwan town,Sindh,Shia sect,72,200,1,23,272
Tuesday-Feb-21-2017,25 Jumada al-awwal 1438 A.H,Working Day,nan,"Tangi, Charsadda District",KPK,Judges & lawyers,7,20,2,1,27
Wednesday-April-05-2017,08 Rajab 1438 A.H,Working Day,nan,Lahore,Punjab,Military,7,22,1,1.5,29
Friday-May-12-2017,15 Shaban 1438 A.H,Working Day,nan,Quetta,Baluchistan,Government Official,28,37,1,5.5,65
Saturday-May-20-2017,23 Shaban 1438 A.H,Weekend,nan,Kohat,KPK,Police,4,0,1,0.5,4
Friday-June-23-2017,27 RamaDHaan 1438 A.H,Working Day,nan,Quetta,Balochistan,Shia sect,85,100,3,5.5,185
Monday-July-10-2017,16 SHawwal 1438 A.H,Working Day,nan,Chaman,Balochistan,Police,3,11,1,1,14
Monday-July-17-2017,22 Shawaal 1438 A.H,Working Day,nan,Peshawar,KPK,Military,2,7,1,1,9
Monday-July-17-2017,22 Shawaal 1438 A.H,Working Day,nan,Peshawar,KPK,Military,1,1,1,0.5,2
Monday-July-24-2017,29 Shawaal 1438 A.H,Working Day,nan,Lahore,Punjab,Police,27,56,1,8,83
Saturday-August-12-2017,12 Zeqad 1438 A.H.,Weekend,nan,Quetta,Balochistan,Military,15,40,1,4.5,55
Thursday-October-05-2017,13 MuHarram 1439 A.H,Working Day,nan,Quetta,Balochistan,Civilian,22,0,1,2,22
Thursday-October-19-2017,27 MuHarram 1439 A.H,Working Day,nan,Quetta,Balochistan,Police,7,22,1,2.5,29
Thursday-November-9-2017,19 Safar 1439 A.H,Working Day,nan,Quetta,Balochistan,Police,2,8,1,1,10
Friday-November-24-2017,5 Rabi Al-Awwal 1439 A.H,Working Day,nan,Peshawar,KPK,Police,3,8,1,1,11
Saturday-November-25-2017,6 Rabi Al-Awwal 1439 A.H,Working Day,nan,Quetta,Balochistan,Military,4,22,1,2,26
